
<DesignerComponent>
	<Header>
		<Name>Gauge Component</Name>
		<IName>gaugeComponent</IName>
		<Description>Gauge Component</Description>
		<Category>IVYIS</Category>
		<CatDescription>Ivy IS</CatDescription>
		<Type>PalleteEntry</Type>
		<Version>1.0</Version>
	</Header>
	<Contents>
		<Model>
			<Property>executeAtStart</Property>
			<Property>htmlObject</Property>
			<Property>label</Property>
			<Property>expression</Property>
			<Property>parameters</Property>
			<Property>listeners</Property>
			<Property>preExecution</Property>
			<Property>postExecution</Property>
			<Property>gaugeType</Property>
			<Property>minValue</Property>
			<Property>maxValue</Property>
			<Property>gaugeWidthScale</Property>
			<Property>subTitle</Property>
			<Property>formatNumber</Property>
			<Property>gaugeSymbol</Property>
			<Property>extensionPoints</Property>
			<Property>textRenderer</Property>
			<Definition name="queryDefinition">
				<Property type="query">dataSource</Property>
			</Definition>        
		</Model>
		
		<Implementation>
			<Code src="gaugeComponent.js" />
			
			<Dependencies>
				<Dependency src="justgage.js" version="1.0">justgage</Dependency>
			</Dependencies>
			
			<Styles>
			</Styles>
			
			<CustomProperties>
			
				<DesignerProperty>
					<Header>
						<Name>gaugeType</Name>
						<Parent>BaseProperty</Parent>
						<DefaultValue>gauge</DefaultValue>
						<Description>Gauge Type</Description>
						<InputType type='valuelist' />
						<OutputType>String</OutputType>
						<Order>51</Order>
						<Advanced>true</Advanced>
						<Version>1.0</Version>
					</Header>
					<Values>
						<Value display='Gauge'>gauge</Value>
						<Value display='Doughnut'>doughnut</Value>
					</Values>
				</DesignerProperty>
				
				<DesignerProperty>
					<Header>
						<Name>minValue</Name>
						<Parent>BaseProperty</Parent>
						<DefaultValue>0</DefaultValue>
						<Description>Min Value</Description>
						<InputType>String</InputType>
						<OutputType>String</OutputType>
						<Order>52</Order>
						<Advanced>false</Advanced>
						<Version>1.0</Version>
					</Header>
				</DesignerProperty>
				
				<DesignerProperty>
					<Header>
						<Name>maxValue</Name>
						<Parent>BaseProperty</Parent>
						<DefaultValue>1000</DefaultValue>
						<Description>Max Value</Description>
						<InputType>String</InputType>
						<OutputType>String</OutputType>
						<Order>53</Order>
						<Advanced>false</Advanced>
						<Version>1.0</Version>
					</Header>
				</DesignerProperty>
				
				<DesignerProperty>
					<Header>
						<Name>gaugeWidthScale</Name>
						<Parent>BaseProperty</Parent>
						<DefaultValue>1</DefaultValue>
						<Description>Gauge Width Scale</Description>
						<InputType>String</InputType>
						<OutputType>String</OutputType>
						<Order>54</Order>
						<Advanced>false</Advanced>
						<Version>1.0</Version>
					</Header>
				</DesignerProperty>
				
				<DesignerProperty>
					<Header>
						<Name>subTitle</Name>
						<Parent>BaseProperty</Parent>
						<DefaultValue></DefaultValue>
						<Description>Subtitle</Description>
						<InputType>String</InputType>
						<OutputType>String</OutputType>
						<Order>55</Order>
						<Advanced>true</Advanced>
						<Version>1.0</Version>
					</Header>
				</DesignerProperty>
				
				<DesignerProperty>
					<Header>
						<Name>formatNumber</Name>
						<Parent>BaseProperty</Parent>
						<DefaultValue>true</DefaultValue>
						<Description>Format Number</Description>
						<InputType>Boolean</InputType>
						<OutputType>Boolean</OutputType>
						<Order>56</Order>
						<Advanced>true</Advanced>
						<Version>1.0</Version>
					</Header>
				</DesignerProperty>
				
				<DesignerProperty>
					<Header>
						<Name>gaugeSymbol</Name>
						<Parent>BaseProperty</Parent>
						<DefaultValue></DefaultValue>
						<Description>Symbol</Description>
						<InputType>String</InputType>
						<OutputType>String</OutputType>
						<Order>54</Order>
						<Advanced>true</Advanced>
						<Version>1.0</Version>
					</Header>
				</DesignerProperty>

				<DesignerProperty>
				<Header>
					<Name>extensionPoints</Name>
					<Parent>BaseProperty</Parent>
					<DefaultValue>"[]"</DefaultValue>
					<Description>Extension points</Description>
					<Tooltip>Chart Extension points</Tooltip>
					<InputType>ValuesArray</InputType>
					<OutputType>Array</OutputType>
					<Order>55</Order>
					<Advanced>true</Advanced>
					<Version>1.0</Version>
				</Header>
				</DesignerProperty>

				<DesignerProperty>
				<Header>
					<Name>textRenderer</Name>
					<Parent>BaseProperty</Parent>
					<DefaultValue></DefaultValue>
					<Description>Text Render</Description>
					<Tooltip>Function to format the value number</Tooltip>
					<InputType>JavaScript</InputType>
					<OutputType>Function</OutputType>
					<Order>56</Order>
					<Advanced>true</Advanced>
					<Version>1.0</Version>
				</Header>
				</DesignerProperty>
				
			</CustomProperties>
			
		</Implementation>
	</Contents>
</DesignerComponent>
