<?xml version="1.0" encoding="UTF-8" standalone="yes"?>
<ns2:ExportManifest xmlns:ns2="http://www.pentaho.com/schema/">
    <ExportManifestInformation exportDate="30-10-2019 04:17:07 EDT" exportBy="admin" rootFolder="/public/motorinc/paineis/" manifestVersion="2"/>
    <ExportManifestEntity path="arquivos">
        <ExportManifestProperty>
            <EntityMetaData name="arquivos" createdDate="2019-09-11T12:31:42.039-04:00" isFolder="true" path="arquivos" isHidden="false" isSchedulable="true" locale="en_US" description="Coleção de exercícios de Relatórios, Análises e Painéis da empresa Motor Inc." title="Arquivos"/>
        </ExportManifestProperty>
        <ExportManifestProperty>
            <EntityAcl>
                <entriesInheriting>true</entriesInheriting>
                <owner>admin</owner>
                <ownerType>USER</ownerType>
            </EntityAcl>
        </ExportManifestProperty>
    </ExportManifestEntity>
    <ExportManifestEntity path="arquivos/avioes.ktr">
        <ExportManifestProperty>
            <EntityMetaData name="avioes.ktr" createdDate="2019-10-30T12:25:00.460-04:00" isFolder="false" path="arquivos/avioes.ktr" isHidden="true" isSchedulable="true" locale="en_US" title="avioes"/>
        </ExportManifestProperty>
        <ExportManifestProperty>
            <EntityAcl>
                <entriesInheriting>true</entriesInheriting>
                <owner>admin</owner>
                <ownerType>USER</ownerType>
            </EntityAcl>
        </ExportManifestProperty>
    </ExportManifestEntity>
    <ExportManifestEntity path="arquivos/avioes_meu.ktr">
        <ExportManifestProperty>
            <EntityMetaData name="avioes_meu.ktr" createdDate="2019-10-30T16:03:47.625-04:00" isFolder="false" path="arquivos/avioes_meu.ktr" isHidden="true" isSchedulable="true" locale="en_US" title="avioes_meu"/>
        </ExportManifestProperty>
        <ExportManifestProperty>
            <EntityAcl>
                <entriesInheriting>true</entriesInheriting>
                <owner>admin</owner>
                <ownerType>USER</ownerType>
            </EntityAcl>
        </ExportManifestProperty>
    </ExportManifestEntity>
    <ExportManifestEntity path="arquivos/bg.png">
        <ExportManifestProperty>
            <EntityMetaData name="bg.png" createdDate="2019-09-11T12:31:42.084-04:00" isFolder="false" path="arquivos/bg.png" isHidden="true" isSchedulable="true" locale="en_US" title="bg.png"/>
        </ExportManifestProperty>
        <ExportManifestProperty>
            <EntityAcl>
                <entriesInheriting>true</entriesInheriting>
                <owner>admin</owner>
                <ownerType>USER</ownerType>
            </EntityAcl>
        </ExportManifestProperty>
    </ExportManifestEntity>
    <ExportManifestEntity path="arquivos/layout.css">
        <ExportManifestProperty>
            <EntityMetaData name="layout.css" createdDate="2019-09-11T12:31:42.180-04:00" isFolder="false" path="arquivos/layout.css" isHidden="true" isSchedulable="true" locale="en_US" title="layout.css"/>
        </ExportManifestProperty>
        <ExportManifestProperty>
            <EntityAcl>
                <entriesInheriting>true</entriesInheriting>
                <owner>admin</owner>
                <ownerType>USER</ownerType>
            </EntityAcl>
        </ExportManifestProperty>
    </ExportManifestEntity>
    <ExportManifestEntity path="arquivos/layout.png">
        <ExportManifestProperty>
            <EntityMetaData name="layout.png" createdDate="2019-09-11T12:31:42.313-04:00" isFolder="false" path="arquivos/layout.png" isHidden="true" isSchedulable="true" locale="en_US" title="layout.png"/>
        </ExportManifestProperty>
        <ExportManifestProperty>
            <EntityAcl>
                <entriesInheriting>true</entriesInheriting>
                <owner>admin</owner>
                <ownerType>USER</ownerType>
            </EntityAcl>
        </ExportManifestProperty>
    </ExportManifestEntity>
    <ExportManifestEntity path="arquivos/metas_emea.ktr">
        <ExportManifestProperty>
            <EntityMetaData name="metas_emea.ktr" createdDate="2019-10-30T12:25:01.301-04:00" isFolder="false" path="arquivos/metas_emea.ktr" isHidden="true" isSchedulable="true" locale="en_US" title="metas_emea"/>
        </ExportManifestProperty>
        <ExportManifestProperty>
            <EntityAcl>
                <entriesInheriting>true</entriesInheriting>
                <owner>admin</owner>
                <ownerType>USER</ownerType>
            </EntityAcl>
        </ExportManifestProperty>
    </ExportManifestEntity>
    <ExportManifestEntity path="arquivos/metas_latam.ktr">
        <ExportManifestProperty>
            <EntityMetaData name="metas_latam.ktr" createdDate="2019-10-30T12:25:01.938-04:00" isFolder="false" path="arquivos/metas_latam.ktr" isHidden="true" isSchedulable="true" locale="en_US" title="metas_latam"/>
        </ExportManifestProperty>
        <ExportManifestProperty>
            <EntityAcl>
                <entriesInheriting>true</entriesInheriting>
                <owner>admin</owner>
                <ownerType>USER</ownerType>
            </EntityAcl>
        </ExportManifestProperty>
    </ExportManifestEntity>
</ns2:ExportManifest>
