<DesignerComponent>
	<Header>
		<Name>Video Player</Name>
		<IName>videoPlayerComponent</IName>
		<Description>Video Player</Description>
		<Category>IVYIS</Category>
		<CatDescription>Ivy IS</CatDescription>
		<Type>PalleteEntry</Type>
		<Version>1.0</Version>
	</Header>
	<Contents>
		<Model>
			<Property>executeAtStart</Property>
			<Property>htmlObject</Property>
			<Property>preExecution</Property>
			<Property>postExecution</Property>
			<Property>videos</Property>
			<Property>tracks</Property>
			<Property>controls</Property>
			<Property>autoPlay</Property>
			<Property>CssClasses</Property>
			<Property>buttonsControlsColor</Property>
			<Property>controlsLevelColor</Property>
			<Property>controlBarSize</Property>
			<Property>videoPosterImg</Property>
			<Property>videoLoop</Property>
			<Property>popup</Property>
			<Property>textLinkPopup</Property>
			
		</Model>
		<Implementation>
			<Code src="videoPlayer.js" />
			
			<Dependencies>
				<Dependency src="video.js">video.js</Dependency>
			</Dependencies>
			
			<Styles>
				<Style src="video.css">video.css</Style>
			</Styles>
			
			<CustomProperties>

				<DesignerProperty>
					<Header>
						<Name>videos</Name>
						<Parent>BaseProperty</Parent>
						<DefaultValue>"[]"</DefaultValue>
						<Description>Videos</Description>
						<Tooltip>Define the different vidoes types</Tooltip>
						<InputType>ValuesArray</InputType>
						<OutputType>Array</OutputType>
						<Order>52</Order>
						<Advanced>false</Advanced>
						<Version>1.0</Version>
					</Header>
				</DesignerProperty>

				<DesignerProperty>
					<Header>
						<Name>tracks</Name>
						<Parent>BaseProperty</Parent>
						<DefaultValue>"[]"</DefaultValue>
						<Description>Tracks</Description>
						<InputType>ValuesArray</InputType>
						<OutputType>Array</OutputType>
						<Order>53</Order>
						<Advanced>true</Advanced>
						<Version>1.0</Version>
					</Header>
				</DesignerProperty>
			
				<DesignerProperty>
					<Header>
						<Name>controls</Name>
						<Parent>BaseProperty</Parent>
						<DefaultValue>"true"</DefaultValue>
						<Description>Enable Controls</Description>
						<InputType>Boolean</InputType>
						<OutputType>Boolean</OutputType>
						<Order>54</Order>
						<Advanced>true</Advanced>
						<Version>1.0</Version>
					</Header>
				</DesignerProperty>
				
				<DesignerProperty>
					<Header>
						<Name>autoPlay</Name>
						<Parent>BaseProperty</Parent>
						<DefaultValue>"false"</DefaultValue>
						<Description>Auto Play</Description>
						<InputType>Boolean</InputType>
						<OutputType>Boolean</OutputType>
						<Order>55</Order>
						<Advanced>true</Advanced>
						<Version>1.0</Version>
					</Header>
				</DesignerProperty>
				
				<DesignerProperty>
					<Header>
						<Name>CssClasses</Name>
						<Parent>BaseProperty</Parent>
						<DefaultValue></DefaultValue>
						<Description>Custom CSS</Description>
						<InputType>String</InputType>
						<OutputType>String</OutputType>
						<Order>56</Order>
						<Advanced>true</Advanced>
						<Version>1.0</Version>
					</Header>
				</DesignerProperty>
				
				<DesignerProperty>
					<Header>
						<Name>buttonsControlsColor</Name>
						<Parent>BaseProperty</Parent>
						<DefaultValue></DefaultValue>
						<Description>Buttons Controllers Color</Description>
						<InputType>Color</InputType>
						<OutputType>String</OutputType>
						<Order>57</Order>
						<Advanced>true</Advanced>
						<Version>1.0</Version>
					</Header>
				</DesignerProperty>
				
				<DesignerProperty>
					<Header>
						<Name>controlsLevelColor</Name>
						<Parent>BaseProperty</Parent>
						<DefaultValue></DefaultValue>
						<Description>Control Level Color</Description>
						<InputType>Color</InputType>
						<OutputType>String</OutputType>
						<Order>59</Order>
						<Advanced>true</Advanced>
						<Version>1.0</Version>
					</Header>
				</DesignerProperty>
				
				<DesignerProperty>
					<Header>
						<Name>controlBarSize</Name>
						<Parent>BaseProperty</Parent>
						<DefaultValue></DefaultValue>
						<Description>Control Bar Size</Description>
						<InputType>Integer</InputType>
						<OutputType>Number</OutputType>
						<Order>60</Order>
						<Advanced>true</Advanced>
						<Version>1.0</Version>
					</Header>
				</DesignerProperty>
				
				<DesignerProperty>
					<Header>
						<Name>videoPosterImg</Name>
						<Parent>BaseProperty</Parent>
						<DefaultValue></DefaultValue>
						<Description>Porter Image</Description>
						<InputType>String</InputType>
						<OutputType>String</OutputType>
						<Order>61</Order>
						<Advanced>true</Advanced>
						<Version>1.0</Version>
					</Header>
				</DesignerProperty>
			
				<DesignerProperty>
					<Header>
						<Name>videoLoop</Name>
						<Parent>BaseProperty</Parent>
						<DefaultValue>"false"</DefaultValue>
						<Description>Loop</Description>
						<InputType>Boolean</InputType>
						<OutputType>Boolean</OutputType>
						<Order>62</Order>
						<Advanced>true</Advanced>
						<Version>1.0</Version>
					</Header>
				</DesignerProperty>
				
				<DesignerProperty>
					<Header>
						<Name>popup</Name>
						<Parent>BaseProperty</Parent>
						<DefaultValue>"false"</DefaultValue>
						<Description>Show Video in a Popup</Description>
						<InputType>Boolean</InputType>
						<OutputType>Boolean</OutputType>
						<Order>63</Order>
						<Advanced>true</Advanced>
						<Version>1.0</Version>
					</Header>
				</DesignerProperty>
				
				<DesignerProperty>
					<Header>
						<Name>textLinkPopup</Name>
						<Parent>BaseProperty</Parent>
						<DefaultValue></DefaultValue>
						<Description>Text Link Popup</Description>
						<InputType>String</InputType>
						<OutputType>String</OutputType>
						<Order>64</Order>
						<Advanced>true</Advanced>
						<Version>1.0</Version>
					</Header>
				</DesignerProperty>
			
			</CustomProperties>
			
		</Implementation>
	</Contents>
</DesignerComponent>