<Schema name="Motor Inc">
  <Dimension type="TimeDimension" visible="true" highCardinality="false" name="Tempo">
    <Hierarchy visible="true" hasAll="true" allMemberName="Todos os tempos" primaryKey="TempoId">
      <Table name="tbl_dmns_tmp">
      </Table>
      <Level name="Ano" visible="true" column="AnoTempo" type="Numeric" uniqueMembers="false" levelType="TimeYears" hideMemberIf="Never">
      </Level>
      <Level name="Trimestre" visible="true" column="TrimestreTempo" type="String" uniqueMembers="false" levelType="TimeQuarters" hideMemberIf="Never">
      </Level>
      <Level name="Mes" visible="true" column="MesTempo" nameColumn="MesDescAbrvTempo" type="String" uniqueMembers="false" levelType="TimeMonths" hideMemberIf="Never" caption="M&#234;s">
      </Level>
    </Hierarchy>
  </Dimension>
  <Cube name="Motor Inc Vendas" visible="true" cache="true" enabled="true">
    <Table name="tbl_ft_vnds">
      <AggName name="a_t_motor-inc" ignorecase="true">
        <AggFactCount column="factcount">
        </AggFactCount>
        <AggForeignKey factColumn="ClienteId" aggColumn="ClienteId">
        </AggForeignKey>
        <AggForeignKey factColumn="ProdutoId" aggColumn="ProdutoId">
        </AggForeignKey>
        <AggForeignKey factColumn="VendedorId" aggColumn="VendedorId">
        </AggForeignKey>
        <AggMeasure column="QuantidadePedida" name="[Measures].[Quantidade]">
        </AggMeasure>
        <AggMeasure column="PrecoTotal" name="[Measures].[Preco Total]">
        </AggMeasure>
        <AggLevel column="AnoTempo" name="[Tempo].[Ano]" collapsed="true">
        </AggLevel>
        <AggLevel column="TrimestreTempo" name="[Tempo].[Trimestre]" collapsed="true">
        </AggLevel>
      </AggName>
    </Table>
    <DimensionUsage source="Tempo" name="Tempo" visible="true" foreignKey="TempoIdPedido" highCardinality="false">
    </DimensionUsage>
    <Dimension type="StandardDimension" visible="true" foreignKey="ClienteId" highCardinality="false" name="Cliente">
      <Hierarchy name="Cliente" visible="true" hasAll="true" allMemberName="Todos os clientes" primaryKey="ClienteId">
        <Table name="tbl_dmns_clnt">
        </Table>
        <Level name="Nome Cliente" visible="true" column="NomeCliente" type="String" uniqueMembers="false" levelType="Regular" hideMemberIf="Never">
        </Level>
      </Hierarchy>
    </Dimension>
    <Dimension type="StandardDimension" visible="true" foreignKey="ClienteId" highCardinality="false" name="Mercado">
      <Hierarchy name="Mercado" visible="true" hasAll="true" allMemberName="Todos os mercados" primaryKey="ClienteId">
        <Table name="tbl_dmns_clnt">
        </Table>
        <Level name="Territorio" visible="true" column="TerritorioCliente" type="String" uniqueMembers="false" levelType="Regular" hideMemberIf="Never" caption="Territ&#243;rio">
        </Level>
        <Level name="Pais" visible="true" column="PaisCliente" type="String" uniqueMembers="false" levelType="Regular" hideMemberIf="Never" caption="Pa&#237;s">
        </Level>
        <Level name="Estado" visible="true" column="EstadoCliente" type="String" uniqueMembers="false" levelType="Regular" hideMemberIf="Never">
        </Level>
        <Level name="Cidade" visible="true" column="CidadeCliente" type="String" uniqueMembers="false" levelType="Regular" hideMemberIf="Never">
        </Level>
      </Hierarchy>
    </Dimension>
    <Dimension type="StandardDimension" visible="true" foreignKey="ProdutoId" highCardinality="false" name="Produto">
      <Hierarchy name="Produto" visible="true" hasAll="true" allMemberName="Todos os produtos" primaryKey="ProdutoId">
        <Table name="tbl_dmns_prdt">
        </Table>
        <Level name="Linha" visible="true" column="LinhaProduto" type="String" uniqueMembers="false" levelType="Regular" hideMemberIf="Never">
        </Level>
        <Level name="Fornecedor" visible="true" column="FornecedorProduto" type="String" uniqueMembers="false" levelType="Regular" hideMemberIf="Never">
        </Level>
        <Level name="Produto" visible="true" column="NomeProduto" type="String" uniqueMembers="false" levelType="Regular" hideMemberIf="Never">
        </Level>
      </Hierarchy>
    </Dimension>
    <Dimension type="StandardDimension" visible="true" foreignKey="VendedorId" highCardinality="false" name="Vendedor">
      <Hierarchy name="Vendedor" visible="true" hasAll="true" allMemberName="Todos os vendedores" primaryKey="VendedorId">
        <Table name="tbl_dmns_vnddr">
        </Table>
        <Level name="CEO" visible="true" column="NomeVendedor3" type="String" uniqueMembers="false" levelType="Regular" hideMemberIf="Never">
        </Level>
        <Level name="VP" visible="true" column="NomeVendedor2" type="String" uniqueMembers="false" levelType="Regular" hideMemberIf="Never">
        </Level>
        <Level name="Gerente" visible="true" column="NomeVendedor1" type="String" uniqueMembers="false" levelType="Regular" hideMemberIf="Never">
        </Level>
        <Level name="Vendedor" visible="true" column="NomeVendedor" type="String" uniqueMembers="false" levelType="Regular" hideMemberIf="Never">
        </Level>
      </Hierarchy>
    </Dimension>
    <Dimension type="StandardDimension" visible="true" highCardinality="false" name="Situacao">
      <Hierarchy visible="true" hasAll="true" allMemberName="Todas as situacoes">
        <Level name="Situacao" visible="true" column="Situacao" type="String" uniqueMembers="false" levelType="Regular" hideMemberIf="Never">
        </Level>
      </Hierarchy>
    </Dimension>
    <Measure name="Quantidade" column="QuantidadePedida" datatype="Numeric" formatString="#,###" aggregator="sum" visible="true">
    </Measure>
    <Measure name="Preco Total" column="PrecoTotal" datatype="Numeric" aggregator="sum" caption="Pre&#231;o Total" visible="true">
    </Measure>
    <CalculatedMember name="Percentual" formula="([Produto].CurrentMember / [Produto].CurrentMember.Parent)" dimension="Measures" visible="true">
      <CalculatedMemberProperty name="format_string" expression="IIf(([Measures].[Percentual] &#60; 0.08), &#34;|0.00%|style=red&#34;, &#34;|0.00%|style=green&#34;)">
      </CalculatedMemberProperty>
    </CalculatedMember>
  </Cube>
  <Role name="Administrator">
    <SchemaGrant access="all">
    </SchemaGrant>
  </Role>
  <Role name="Authenticated">
    <SchemaGrant access="none">
    </SchemaGrant>
  </Role>
  <Role name="LATAM">
    <SchemaGrant access="all_dimensions">
      <CubeGrant cube="Motor Inc Vendas" access="all">
        <HierarchyGrant hierarchy="[Mercado.Mercado]" topLevel="[Mercado.Mercado].[Territorio]" access="custom">
          <MemberGrant member="[Mercado].[LATAM]" access="all">
          </MemberGrant>
        </HierarchyGrant>
      </CubeGrant>
    </SchemaGrant>
  </Role>
</Schema>
